<?xml version="1.0" encoding="UTF-8"?>
<beans xmlns="http://www.springframework.org/schema/beans"
	xmlns:context="http://www.springframework.org/schema/context"
	xmlns:mvc="http://www.springframework.org/schema/mvc" xmlns:task="http://www.springframework.org/schema/task"
	xmlns:xsi="http://www.w3.org/2001/XMLSchema-instance" xmlns:p="http://www.springframework.org/schema/p"
	xmlns:tx="http://www.springframework.org/schema/tx"
	xsi:schemaLocation="
        http://www.springframework.org/schema/beans     
        http://www.springframework.org/schema/beans/spring-beans.xsd
        http://www.springframework.org/schema/context
        http://www.springframework.org/schema/context/spring-context.xsd
        http://www.springframework.org/schema/mvc
        http://www.springframework.org/schema/mvc/spring-mvc.xsd
        http://www.springframework.org/schema/task
        http://www.springframework.org/schema/task/spring-task.xsd
        http://www.springframework.org/schema/tx 
        http://www.springframework.org/schema/tx/spring-tx.xsd">

	<context:component-scan base-package="com.wellsfargo.controller" />
	<context:component-scan base-package="com.wellsfargo.service" />
	<context:component-scan base-package="com.wellsfargo.dao" />
	<context:component-scan base-package="com.wellsfargo.model" />
	<mvc:annotation-driven />
	<mvc:default-servlet-handler />
	<tx:annotation-driven transaction-manager="transactionManager" />
	<bean id="jspViewResolver"
		class="org.springframework.web.servlet.view.InternalResourceViewResolver">
		<property name="viewClass"
			value="org.springframework.web.servlet.view.JstlView"></property>
		<property name="prefix" value="/WEB-INF/jsp/" />
		<property name="suffix" value=".jsp" />
	</bean>

	<bean id="multipartResolver"
		class="org.springframework.web.multipart.commons.CommonsMultipartResolver">
		<!-- setting maximum upload size -->
		<property name="maxUploadSize" value="50000000" />
	</bean>

	<bean id="propertyConfigurer"
		class="org.springframework.beans.factory.config.PropertyPlaceholderConfigurer"
		p:location="classpath:jdbc.properties">
	</bean>

	<bean id="dataSource" class="com.wellsfargo.utility.CustomBasicDatasource"
		destroy-method="close" p:driverClassName="${jdbc.driverClassName}"
		p:url="${jdbc.databaseurl}" p:username="${jdbc.username}" p:password="${jdbc.password}">
	</bean>

	<bean id="sessionFactory"
		class="org.springframework.orm.hibernate4.LocalSessionFactoryBean">
		<property name="dataSource" ref="dataSource" />
		<property name="annotatedClasses">
			<list>
				<value>com.wellsfargo.model.Data</value>
				<value>com.wellsfargo.model.SanctionedData</value>
				<value>com.wellsfargo.model.UnsanctionedData</value>
			</list>
		</property>
		<property name="hibernateProperties">
			<props>
				<prop key="hibernate.hbm2ddl.auto">create</prop>
				<prop key="hibernate.hbm2ddl.auto">update</prop>
				<prop key="hibernate.dialect">${jdbc.dialect}</prop>
				<!-- <prop key="hibernate.current_session_context_class">thread</prop> 
					<prop key="hibernate.transaction.factory_class">org.hibernate.transaction.JDBCTransactionFactory</prop> -->
				<prop key="hibernate.connection.CharSet">utf8</prop>
				<prop key="hibernate.connection.characterEncoding">utf8</prop>
				<prop key="hibernate.connection.useUnicode">true</prop>
				<prop key="hibernate.show_sql">true</prop>
				<prop key="hibernate.jdbc.batch_size">50</prop>
				<prop key="hibernate.connection.autocommit">false</prop>
				<prop key="hibernate.cache.use_second_level_cache">true</prop>
				<prop key="hibernate.cache.use_query_cache">true</prop>
				<prop key="hibernate.cache.region.factory_class">org.hibernate.cache.ehcache.EhCacheRegionFactory
				</prop>
				<prop key="hibernate.cache.provider_class">org.hibernate.cache.ehcache.SingletonEhCacheRegionFactory
				</prop>
				<prop key="hibernate.cache.use_query_cache">true</prop>
				<prop key="net.sf.ehcache.configurationResourceName">/ehcache.xml</prop>


				<!-- c3p0 properties -->
				<!-- <prop key="hibernate.c3p0.validate">true</prop> <prop key="hibernate.connection.provider_class">org.hibernate.service.jdbc.connections.internal.C3P0ConnectionProvider 
					</prop> <prop key="hibernate.c3p0.min_size">5</prop> <prop key="hibernate.c3p0.max_size">20</prop> 
					<prop key="hibernate.c3p0.timeout">300</prop> <prop key="hibernate.c3p0.max_statements">50</prop> 
					<prop key="hibernate.c3p0.preferredTestQuery">SELECT 1;</prop> <prop key="hibernate.c3p0.testConnectionOnCheckout">true</prop> 
					<prop key="hibernate.c3p0.idle_test_period">3000</prop> -->
			</props>
		</property>
	</bean>

	<!-- <bean id="ehcacheManager" class="org.springframework.cache.ehcache.EhCacheCacheManager" 
		p:cacheManager-ref="ehcache" /> <bean id="ehcache" class="org.springframework.cache.ehcache.EhCacheManagerFactoryBean" 
		p:configLocation="classpath:ehcache.xml" p:shared="true"> </bean> -->

	<bean id="transactionManager"
		class="org.springframework.orm.hibernate4.HibernateTransactionManager">
		<property name="sessionFactory" ref="sessionFactory" />
	</bean>

	<bean id="hibernateTemplate" class="org.springframework.orm.hibernate4.HibernateTemplate">
		<property name="sessionFactory">
			<ref bean="sessionFactory" />
		</property>
	</bean>

	<bean id="sdmDAO" class="com.wellsfargo.dao.SDMDAOImpl">
		<property name="hibernateTemplate" ref="hibernateTemplate" />
	</bean>

	<bean id="sdmService" class="com.wellsfargo.service.SDMServiceImpl">
		<property name="sdmDAO" ref="sdmDAO"></property>
	</bean>
	<task:annotation-driven executor="taskExecutor" />



	<bean id="taskExecutor"
		class="org.springframework.scheduling.concurrent.ThreadPoolExecutorFactoryBean">
		<property name="corePoolSize" value="50" />
		<property name="maxPoolSize" value="50" />
		<property name="keepAliveSeconds" value="10" />

	</bean>
</beans>