<?xml version="1.0" encoding="UTF-8"?>
<ehcache dynamicConfig="true" monitoring="autodetect"
	updateCheck="true" xsi:noNamespaceSchemaLocation="ehcache.xsd"
	xmlns:xsi="http://www.w3.org/2001/XMLSchema-instance">

	<diskStore path="java.io.tmpdir/ehcache" />

	<defaultCache statistics="true" memoryStoreEvictionPolicy="LRU"
		diskExpiryThreadIntervalSeconds="120" diskSpoolBufferSizeMB="30"
		timeToLiveSeconds="280" timeToIdleSeconds="120" eternal="false"
		maxElementsInMemory="100">
	</defaultCache>
	<!-- eternal is used to decide cached entities life will be eternal or not. 
		Notice that when set to "true", overrides timeToLive and timeToIdle so that 
		no expiration can take place. -->
	<cache timeToLiveSeconds="3600" timeToIdleSeconds="3600" eternal="false"
		maxElementsInMemory="10000" overflowToDisk="true" diskPersistent="true"
		name="com.wellsfargo.model.UnsanctionedData">

		<!-- <persistence strategy="localRestartable" synchronousWrites="true"/> -->
		<!-- <persistence strategy="localTempSwap" /> -->
		<!-- <copyStrategy class="net.sf.ehcache.store.compound.ReadWriteCopyStrategy"/> -->
	</cache>

	<cache timeToLiveSeconds="3600" timeToIdleSeconds="3600" eternal="false"
		maxElementsInMemory="10000" overflowToDisk="true" diskPersistent="true"
		name="com.wellsfargo.model.SanctionedData">
		<!-- <copyStrategy class="net.sf.ehcache.store.compound.ReadWriteCopyStrategy"/> -->
		<!-- <persistence strategy="localRestartable" synchronousWrites="true"/> -->
		<!-- <persistence strategy="localTempSwap" /> -->

	</cache>

	<cache timeToLiveSeconds="1200" eternal="false"
		maxElementsInMemory="10000" diskPersistent="true"
		name="org.hibernate.cache.internal.StandardQueryCache">
		<!-- <persistence strategy="localRestartable" synchronousWrites="true"/> -->
		<!-- <persistence strategy="localTempSwap" /> -->
	</cache>

	<cache eternal="false" maxElementsInMemory="10000"
		diskPersistent="true" name="org.hibernate.cache.spi.UpdateTimestampsCache"
		timeToLiveSeconds="1200">
		<!-- <persistence strategy="localRestartable" synchronousWrites="true"/> -->
		<!-- <persistence strategy="localTempSwap" /> -->

	</cache>

</ehcache>